id;file_name;file_url;uploaded_by_user_id;created_at
1;gosh safely obvious;besides barring;8269;2025-08-05T14:37:53
2;where garrote sans;the daddy finally;32025;2025-08-06T03:39:37
3;brr popularize geez;anenst wound;3815;2025-08-06T04:13:40
4;along yellowish granular;dense repossess;10322;2025-08-05T16:35:49
5;broadside litter;valiantly misguided;7422;2025-08-06T04:50:45
6;skean;without;736;2025-08-06T07:10:13
7;meanwhile;minority offend;2222;2025-08-05T14:24:22
8;reapply briefly;ethical hmph;21169;2025-08-05T19:09:19
9;energetically recklessly drat;mobilise;3632;2025-08-05T16:43:27
10;till;ick;16560;2025-08-05T18:51:13
