id;name;email;phone_number;profile_picture_url
1;afore waterspout hidden;Kariane.Yundt@gmail.com;excitedly trial via;tray broadly dampen
2;whoever which than;Randall_Romaguera@gmail.com;powerless;versus royal christen
3;midst out minus;Jeffery_Moen-Hartmann54@gmail.com;cop-out into ick;even
4;frankly stint redress;Juliana89@hotmail.com;swiftly by surprisingly;because owlishly gurn
5;acclaimed;Magdalen37@yahoo.com;nor gee aha;parched unlined
6;unexpectedly clamour;Jettie.Ebert44@gmail.com;of alongside meh;best butter
7;consequently busily;Violet_Shanahan@yahoo.com;to familiar;fellow
8;defiantly cornet ack;Weldon_Heathcote@hotmail.com;outstanding duh;whirlwind ugh injunction
9;inveigle;Noble44@gmail.com;enlightened sundae restfully;judgementally jaggedly
10;uh-huh grimy frugal;Jewell_Funk@yahoo.com;gadzooks shiny towards;repeat
