id;project_name;decription;team_id;created_by_user_id;created_at
1;adrenalin disrespect flint;deck for upon;630ca017-ea7f-43fc-b499-d0f9bf18c97e;4cb45ec5-85c3-4c42-960d-4a972c50ae68;2025-08-04T19:35:08
2;zowie;baa altruistic;7d87095f-2a3c-4a2e-a71e-59700382f873;270aa6b1-0d0c-4e4f-a888-c4eb0a25a5d6;2025-08-05T04:02:54
3;bidet notwithstanding;wry;d921322b-e6a1-4d26-86e1-dfd986281738;ced3e8c4-5494-458a-b5ac-dba654113285;2025-08-05T03:15:45
4;golden;mysteriously easily regarding;71ebad9a-01e8-4392-9bdb-af7cd9b2706c;82d74992-c035-4116-ad0e-a29838f042c9;2025-08-04T14:54:22
5;superior;while ew;0b8ede7d-cbd4-4bf2-955a-92b9a7c0e792;5d43d5e2-2792-436d-a064-cd6f3b30a13b;2025-08-04T15:22:17
6;when lustrous;suburban;d0d742a7-c53c-42ae-9754-ff1116503236;b46a025d-aae9-4442-ae95-e0135efb2aff;2025-08-05T06:17:05
7;lowball dime;openly;ce8859b6-8646-4ce5-9376-39a7b70334d9;fb721ae3-4d18-46ee-81e6-d1f5ed17658c;2025-08-04T23:56:39
8;SUV huzzah provided;monasticism;24daee41-2ea3-47b7-9cab-6aef0e513d5f;58896493-81dd-4b20-9deb-525bbbf5c259;2025-08-04T22:50:30
9;submissive questioningly with;slight concerning;ced381a0-e7d8-4f15-878c-b6b5ae7fec19;77729f33-289d-4ce9-bb7d-32ceb7ba858b;2025-08-05T06:42:47
10;furthermore throughout geez;fervently wherever;f613bb09-09d5-482d-9d8d-9b26dd4d252d;a14ecf9f-fc6a-44dc-a15b-702ae10902cc;2025-08-04T22:51:46
